{
  "name": "unlock-morning-program",
  "description": "UNLOCK朝プログラムを提供する最小MCPサーバ。ZEN、ライフキネティック、プレゼンティズム、3 Good Things/ビジネスアイデアの促しを返します。",
  "tools": [
    {
      "name": "run_morning_program",
      "title": "Run UNLOCK Morning Program",
      "description": "10分の朝プログラムを生成します（ZEN 3–4分、ライフキネティック6–7分、プレゼンティズム前後スコア、3 Good Things/ビジネスアイデア）。",
      "input_schema": {
        "type": "object",
        "properties": {
          "difficulty": {
            "type": "string",
            "enum": [
              "easy",
              "standard",
              "hard"
            ],
            "description": "運動パートの難易度（未指定はstandard）"
          }
        }
      }
    }
  ]
}